<?xml version="1.0" encoding="UTF-8"?>
<project-private xmlns="http://www.netbeans.org/ns/project-private/1">
    <editor-bookmarks xmlns="http://www.netbeans.org/ns/editor-bookmarks/2" lastBookmarkId="0"/>
    <open-files xmlns="http://www.netbeans.org/ns/projectui-open-files/2">
        <group>
            <file>file:/C:/Users/jenni/OneDrive/Desktop/ESPE/Estructura%20de%20datos/EjerciciosEstructurasDatos/src/ejerciciosestructurasdatos/EjerciciosEstructurasDatos.java</file>
            <file>file:/C:/Users/jenni/OneDrive/Desktop/ESPE/Estructura%20de%20datos/EjerciciosEstructurasDatos/src/ejerciciosestructurasdatos/Ejercicios.java</file>
        </group>
    </open-files>
</project-private>
